{"stats":{"minecraft:custom":{"minecraft:time_since_rest":4545,"minecraft:walk_one_cm":42412,"minecraft:sprint_one_cm":131211,"minecraft:damage_taken":2169,"minecraft:mob_kills":8,"minecraft:damage_dealt":1955,"minecraft:swim_one_cm":16413,"minecraft:talked_to_villager":2,"minecraft:fly_one_cm":1271319,"minecraft:open_barrel":14,"minecraft:open_chest":38,"minecraft:crouch_one_cm":2671,"minecraft:play_time":77054,"minecraft:deaths":7,"minecraft:sneak_time":3529,"minecraft:walk_under_water_one_cm":6881,"minecraft:jump":741,"minecraft:leave_game":1,"minecraft:time_since_death":4511,"minecraft:walk_on_water_one_cm":2458,"minecraft:total_world_time":77054,"minecraft:climb_one_cm":844,"minecraft:fall_one_cm":18697,"minecraft:horse_one_cm":761},"minecraft:killed":{"minecraft:skeleton":1,"minecraft:pillager":5},"minecraft:picked_up":{"minecraft:torch":1,"minecraft:potion":1,"minecraft:sand":45,"minecraft:bone":2,"minecraft:decorated_pot":6,"minecraft:gold_nugget":11,"minecraft:iron_ingot":1,"minecraft:emerald":1,"minecraft:bread":1,"minecraft:melon_slice":5},"minecraft:killed_by":{"minecraft:iron_golem":1,"minecraft:husk":2,"minecraft:skeleton":1,"minecraft:creeper":1,"minecraft:zombie":1,"minecraft:pillager":1},"minecraft:used":{"minecraft:netherite_sword":22,"minecraft:flint_and_steel":50,"minecraft:melon_slice":3,"minecraft:bread":1,"minecraft:iron_helmet":1,"minecraft:cobblestone":1,"minecraft:tnt":5,"minecraft:obsidian":36},"minecraft:mined":{"minecraft:seagrass":1,"minecraft:tall_seagrass":2,"minecraft:jungle_leaves":4,"minecraft:short_grass":6,"minecraft:melon":1,"minecraft:decorated_pot":6,"minecraft:dead_bush":2,"minecraft:wall_torch":1,"minecraft:fern":1}},"DataVersion":3953}