{"stats":{"minecraft:custom":{"minecraft:damage_absorbed":40,"minecraft:time_since_rest":26507,"minecraft:damage_taken":3657,"minecraft:interact_with_furnace":1,"minecraft:sprint_one_cm":251664,"minecraft:walk_one_cm":78117,"minecraft:interact_with_anvil":1,"minecraft:mob_kills":11,"minecraft:damage_dealt":2880,"minecraft:swim_one_cm":18530,"minecraft:talked_to_villager":2,"minecraft:fly_one_cm":3658425,"minecraft:open_barrel":28,"minecraft:open_chest":79,"minecraft:crouch_one_cm":5214,"minecraft:bell_ring":1,"minecraft:play_time":148093,"minecraft:deaths":11,"minecraft:sneak_time":7435,"minecraft:walk_under_water_one_cm":37086,"minecraft:jump":1069,"minecraft:interact_with_brewingstand":1,"minecraft:leave_game":2,"minecraft:time_since_death":26480,"minecraft:walk_on_water_one_cm":9152,"minecraft:climb_one_cm":2087,"minecraft:total_world_time":148093,"minecraft:fall_one_cm":34885,"minecraft:horse_one_cm":761},"minecraft:killed":{"minecraft:skeleton":1,"minecraft:pillager":7,"minecraft:zombie":1},"minecraft:picked_up":{"minecraft:wheat":3,"minecraft:ominous_bottle":1,"minecraft:torch":1,"minecraft:potato":1,"minecraft:potion":2,"minecraft:sand":45,"minecraft:white_banner":1,"minecraft:arrow":1,"minecraft:bone":2,"minecraft:apple":1,"minecraft:decorated_pot":12,"minecraft:wheat_seeds":1,"minecraft:gold_nugget":11,"minecraft:iron_ingot":1,"minecraft:gold_ingot":1,"minecraft:emerald":4,"minecraft:bread":1,"minecraft:melon_slice":5,"minecraft:cobblestone":15},"minecraft:killed_by":{"minecraft:iron_golem":1,"minecraft:husk":2,"minecraft:skeleton":3,"minecraft:creeper":1,"minecraft:spider":1,"minecraft:zombie":1,"minecraft:pillager":2},"minecraft:used":{"minecraft:netherite_sword":38,"minecraft:apple":1,"minecraft:stone_sword":1,"minecraft:flint_and_steel":50,"minecraft:glass_bottle":1,"minecraft:bread":4,"minecraft:melon_slice":3,"minecraft:iron_helmet":1,"minecraft:potion":1,"minecraft:golden_apple":1,"minecraft:iron_chestplate":2,"minecraft:anvil":1,"minecraft:cobblestone":1,"minecraft:tnt":5,"minecraft:carrot":1,"minecraft:white_bed":1,"minecraft:obsidian":36},"minecraft:mined":{"minecraft:seagrass":1,"minecraft:tall_seagrass":2,"minecraft:jungle_leaves":4,"minecraft:short_grass":18,"minecraft:decorated_pot":12,"minecraft:melon":1,"minecraft:dead_bush":2,"minecraft:tall_grass":2,"minecraft:wall_torch":1,"minecraft:fern":1}},"DataVersion":3953}