{"stats":{"minecraft:mined":{"minecraft:clay":1,"minecraft:short_grass":74,"minecraft:grass_block":1,"minecraft:decorated_pot":11,"minecraft:tall_grass":17,"minecraft:wheat":1,"minecraft:fire":2,"minecraft:gravel":1},"minecraft:broken":{"minecraft:golden_sword":1,"minecraft:golden_boots":1},"minecraft:used":{"minecraft:netherite_sword":82,"minecraft:damaged_anvil":1,"minecraft:lodestone":2,"minecraft:flint_and_steel":43,"minecraft:tnt":40,"minecraft:obsidian":14,"minecraft:oak_log":17,"minecraft:apple":1,"minecraft:grass_block":21,"minecraft:bread":1,"minecraft:stone_bricks":1,"minecraft:golden_sword":2,"minecraft:enchanted_book":8,"minecraft:cobblestone":57,"minecraft:bow":4,"minecraft:cooked_beef":3,"minecraft:compass":2,"minecraft:enchanted_golden_apple":11,"minecraft:birch_stairs":2},"minecraft:picked_up":{"minecraft:wheat":1,"minecraft:feather":3,"minecraft:clay_ball":4,"minecraft:brown_mushroom":1,"minecraft:red_mushroom":1,"minecraft:potato":2,"minecraft:enchanted_book":2,"minecraft:oak_log":4,"minecraft:brick":20,"minecraft:golden_sword":1,"minecraft:dirt":58,"minecraft:name_tag":1,"minecraft:bone":2,"minecraft:beetroot":5,"minecraft:apple":4,"minecraft:bow":1,"minecraft:wheat_seeds":4,"minecraft:gravel":1,"minecraft:arrow":11,"minecraft:decorated_pot":6,"minecraft:emerald":7,"minecraft:bread":1,"minecraft:cobblestone":44},"minecraft:killed_by":{"minecraft:piglin":1,"minecraft:zombie":2,"minecraft:iron_golem":1},"minecraft:custom":{"minecraft:interact_with_furnace":3,"minecraft:mob_kills":19,"minecraft:interact_with_anvil":7,"minecraft:open_barrel":18,"minecraft:bell_ring":9,"minecraft:interact_with_grindstone":1,"minecraft:interact_with_stonecutter":1,"minecraft:time_since_death":3496,"minecraft:climb_one_cm":8533,"minecraft:damage_resisted":571,"minecraft:time_since_rest":3567,"minecraft:walk_one_cm":81293,"minecraft:sprint_one_cm":198560,"minecraft:open_enderchest":1,"minecraft:damage_taken":2685,"minecraft:damage_absorbed":1233,"minecraft:drop":3,"minecraft:damage_dealt":5497,"minecraft:swim_one_cm":4307,"minecraft:talked_to_villager":3,"minecraft:fly_one_cm":2330561,"minecraft:open_chest":47,"minecraft:crouch_one_cm":11209,"minecraft:play_time":206147,"minecraft:deaths":5,"minecraft:sneak_time":10381,"minecraft:walk_under_water_one_cm":17945,"minecraft:jump":959,"minecraft:interact_with_brewingstand":3,"minecraft:walk_on_water_one_cm":5185,"minecraft:total_world_time":206147,"minecraft:interact_with_smoker":1,"minecraft:fall_one_cm":28497,"minecraft:inspect_dispenser":3},"minecraft:dropped":{"minecraft:enchanted_book":2,"minecraft:damaged_anvil":1},"minecraft:killed":{"minecraft:piglin":7,"minecraft:hoglin":1,"minecraft:skeleton":2,"minecraft:pillager":2,"minecraft:bee":1,"minecraft:piglin_brute":5}},"DataVersion":3953}