{"stats":{"minecraft:custom":{"minecraft:time_since_rest":7513,"minecraft:open_chest":12,"minecraft:crouch_one_cm":1611,"minecraft:sprint_one_cm":39389,"minecraft:play_time":29054,"minecraft:deaths":3,"minecraft:damage_taken":836,"minecraft:walk_one_cm":18738,"minecraft:sneak_time":1260,"minecraft:mob_kills":2,"minecraft:walk_under_water_one_cm":2599,"minecraft:jump":320,"minecraft:damage_dealt":698,"minecraft:leave_game":1,"minecraft:walk_on_water_one_cm":230,"minecraft:time_since_death":7487,"minecraft:climb_one_cm":16,"minecraft:total_world_time":29054,"minecraft:fall_one_cm":5701,"minecraft:fly_one_cm":405073},"minecraft:killed":{"minecraft:skeleton":1,"minecraft:pillager":1},"minecraft:picked_up":{"minecraft:bone":2,"minecraft:decorated_pot":1,"minecraft:gold_nugget":11},"minecraft:killed_by":{"minecraft:husk":2,"minecraft:creeper":1},"minecraft:used":{"minecraft:netherite_sword":3,"minecraft:cobblestone":1,"minecraft:flint_and_steel":49,"minecraft:obsidian":36},"minecraft:mined":{"minecraft:decorated_pot":1,"minecraft:dead_bush":1}},"DataVersion":3953}