{"stats":{"minecraft:custom":{"minecraft:damage_absorbed":40,"minecraft:time_since_rest":14507,"minecraft:damage_taken":3417,"minecraft:interact_with_furnace":1,"minecraft:sprint_one_cm":237591,"minecraft:walk_one_cm":71997,"minecraft:interact_with_anvil":1,"minecraft:mob_kills":11,"minecraft:damage_dealt":2860,"minecraft:swim_one_cm":18530,"minecraft:talked_to_villager":2,"minecraft:fly_one_cm":3049148,"minecraft:open_barrel":26,"minecraft:open_chest":70,"minecraft:crouch_one_cm":4648,"minecraft:bell_ring":1,"minecraft:play_time":136093,"minecraft:deaths":11,"minecraft:sneak_time":6528,"minecraft:walk_under_water_one_cm":32729,"minecraft:jump":1012,"minecraft:interact_with_brewingstand":1,"minecraft:leave_game":2,"minecraft:time_since_death":14480,"minecraft:walk_on_water_one_cm":8328,"minecraft:climb_one_cm":1467,"minecraft:total_world_time":136093,"minecraft:fall_one_cm":28133,"minecraft:horse_one_cm":761},"minecraft:killed":{"minecraft:skeleton":1,"minecraft:pillager":7,"minecraft:zombie":1},"minecraft:picked_up":{"minecraft:wheat":3,"minecraft:ominous_bottle":1,"minecraft:torch":1,"minecraft:potion":2,"minecraft:sand":45,"minecraft:white_banner":1,"minecraft:arrow":1,"minecraft:bone":2,"minecraft:apple":1,"minecraft:decorated_pot":9,"minecraft:gold_nugget":11,"minecraft:iron_ingot":1,"minecraft:emerald":4,"minecraft:bread":1,"minecraft:melon_slice":5},"minecraft:killed_by":{"minecraft:iron_golem":1,"minecraft:husk":2,"minecraft:skeleton":3,"minecraft:creeper":1,"minecraft:spider":1,"minecraft:zombie":1,"minecraft:pillager":2},"minecraft:used":{"minecraft:netherite_sword":38,"minecraft:apple":1,"minecraft:stone_sword":1,"minecraft:flint_and_steel":50,"minecraft:glass_bottle":1,"minecraft:bread":2,"minecraft:melon_slice":3,"minecraft:iron_helmet":1,"minecraft:potion":1,"minecraft:golden_apple":1,"minecraft:iron_chestplate":2,"minecraft:anvil":1,"minecraft:cobblestone":1,"minecraft:tnt":5,"minecraft:carrot":1,"minecraft:obsidian":36},"minecraft:mined":{"minecraft:seagrass":1,"minecraft:tall_seagrass":2,"minecraft:jungle_leaves":4,"minecraft:short_grass":14,"minecraft:decorated_pot":9,"minecraft:melon":1,"minecraft:dead_bush":2,"minecraft:tall_grass":1,"minecraft:wall_torch":1,"minecraft:fern":1}},"DataVersion":3953}