{"stats":{"minecraft:mined":{"minecraft:clay":1,"minecraft:short_grass":75,"minecraft:grass_block":1,"minecraft:decorated_pot":11,"minecraft:tall_grass":17,"minecraft:fire":8,"minecraft:wheat":1,"minecraft:gravel":1},"minecraft:broken":{"minecraft:golden_sword":1,"minecraft:golden_boots":1},"minecraft:used":{"minecraft:netherite_sword":82,"minecraft:damaged_anvil":1,"minecraft:lodestone":2,"minecraft:flint_and_steel":45,"minecraft:tnt":40,"minecraft:obsidian":14,"minecraft:oak_log":17,"minecraft:apple":1,"minecraft:villager_spawn_egg":1,"minecraft:grass_block":21,"minecraft:bread":1,"minecraft:lectern":1,"minecraft:stone_bricks":1,"minecraft:golden_sword":2,"minecraft:enchanted_book":8,"minecraft:cobblestone":57,"minecraft:bow":4,"minecraft:cooked_beef":4,"minecraft:compass":2,"minecraft:enchanted_golden_apple":11,"minecraft:birch_stairs":2},"minecraft:picked_up":{"minecraft:wheat":1,"minecraft:feather":3,"minecraft:clay_ball":4,"minecraft:brown_mushroom":1,"minecraft:red_mushroom":1,"minecraft:potato":2,"minecraft:enchanted_book":2,"minecraft:oak_log":4,"minecraft:brick":20,"minecraft:golden_sword":1,"minecraft:dirt":58,"minecraft:name_tag":1,"minecraft:bone":4,"minecraft:apple":4,"minecraft:beetroot":5,"minecraft:bow":1,"minecraft:wheat_seeds":4,"minecraft:iron_ingot":4,"minecraft:poppy":2,"minecraft:gravel":1,"minecraft:arrow":12,"minecraft:decorated_pot":6,"minecraft:emerald":7,"minecraft:bread":1,"minecraft:cobblestone":44},"minecraft:killed_by":{"minecraft:piglin":1,"minecraft:zombie":2,"minecraft:iron_golem":1},"minecraft:custom":{"minecraft:interact_with_furnace":3,"minecraft:mob_kills":19,"minecraft:interact_with_anvil":7,"minecraft:open_barrel":18,"minecraft:bell_ring":9,"minecraft:interact_with_grindstone":1,"minecraft:interact_with_stonecutter":1,"minecraft:leave_game":1,"minecraft:time_since_death":44912,"minecraft:climb_one_cm":8533,"minecraft:damage_resisted":571,"minecraft:time_since_rest":44983,"minecraft:walk_one_cm":85313,"minecraft:sprint_one_cm":203822,"minecraft:open_enderchest":1,"minecraft:damage_taken":2745,"minecraft:damage_absorbed":1233,"minecraft:drop":3,"minecraft:damage_dealt":5736,"minecraft:swim_one_cm":4701,"minecraft:talked_to_villager":5,"minecraft:fly_one_cm":2415319,"minecraft:open_chest":47,"minecraft:crouch_one_cm":11713,"minecraft:play_time":247563,"minecraft:deaths":5,"minecraft:sneak_time":10798,"minecraft:walk_under_water_one_cm":18508,"minecraft:jump":1021,"minecraft:interact_with_brewingstand":3,"minecraft:walk_on_water_one_cm":5885,"minecraft:interact_with_smoker":1,"minecraft:total_world_time":247563,"minecraft:fall_one_cm":29391,"minecraft:inspect_dispenser":3},"minecraft:dropped":{"minecraft:enchanted_book":2,"minecraft:damaged_anvil":1},"minecraft:killed":{"minecraft:piglin":7,"minecraft:hoglin":1,"minecraft:skeleton":2,"minecraft:pillager":2,"minecraft:bee":1,"minecraft:piglin_brute":5}},"DataVersion":3953}