{"stats":{"minecraft:custom":{"minecraft:interact_with_furnace":4,"minecraft:mob_kills":92,"minecraft:interact_with_anvil":18,"minecraft:play_record":1,"minecraft:traded_with_villager":5,"minecraft:open_barrel":36,"minecraft:bell_ring":9,"minecraft:interact_with_grindstone":1,"minecraft:interact_with_stonecutter":1,"minecraft:leave_game":3,"minecraft:time_since_death":29659,"minecraft:climb_one_cm":17260,"minecraft:damage_resisted":571,"minecraft:time_since_rest":29693,"minecraft:walk_one_cm":187104,"minecraft:sprint_one_cm":424497,"minecraft:open_enderchest":1,"minecraft:damage_taken":8544,"minecraft:damage_absorbed":1233,"minecraft:damage_blocked_by_shield":6261,"minecraft:drop":38,"minecraft:damage_dealt":16344,"minecraft:swim_one_cm":6048,"minecraft:talked_to_villager":6,"minecraft:fly_one_cm":2929043,"minecraft:open_chest":79,"minecraft:crouch_one_cm":22062,"minecraft:play_time":374844,"minecraft:deaths":21,"minecraft:sneak_time":16958,"minecraft:walk_under_water_one_cm":19163,"minecraft:jump":2388,"minecraft:interact_with_brewingstand":5,"minecraft:walk_on_water_one_cm":11489,"minecraft:interact_with_smoker":1,"minecraft:total_world_time":374844,"minecraft:fall_one_cm":97439,"minecraft:inspect_dispenser":3},"minecraft:picked_up":{"minecraft:pink_petals":16,"minecraft:iron_chestplate":1,"minecraft:leather_chestplate":2,"minecraft:wheat":19,"minecraft:feather":3,"minecraft:leather":7,"minecraft:leather_leggings":2,"minecraft:clay_ball":4,"minecraft:brown_wool":1,"minecraft:brown_mushroom":1,"minecraft:red_mushroom":1,"minecraft:potato":5,"minecraft:enchanted_book":3,"minecraft:oak_log":4,"minecraft:brick":20,"minecraft:golden_sword":1,"minecraft:string":4,"minecraft:dirt":60,"minecraft:raw_copper":9,"minecraft:name_tag":1,"minecraft:stone_bricks":1,"minecraft:leather_boots":3,"universal_graves:grave_compass":3,"minecraft:bone":32,"minecraft:apple":4,"minecraft:beetroot":5,"minecraft:bow":4,"minecraft:wheat_seeds":84,"minecraft:netherite_sword":1,"minecraft:rabbit_hide":1,"minecraft:beef":4,"minecraft:iron_ingot":6,"minecraft:cobweb":3,"minecraft:poppy":2,"minecraft:glass_bottle":2,"minecraft:sugar_cane":61,"minecraft:gravel":1,"minecraft:villager_spawn_egg":1,"minecraft:spider_eye":1,"minecraft:rotten_flesh":45,"minecraft:stone_sword":1,"minecraft:arrow":44,"minecraft:decorated_pot":6,"minecraft:soul_lantern":1,"minecraft:emerald":7,"minecraft:bread":1,"minecraft:coal":1,"minecraft:iron_bars":3,"minecraft:mutton":13,"minecraft:white_wool":6,"minecraft:cobblestone":69},"minecraft:killed":{"minecraft:piglin":7,"minecraft:zombie_villager":2,"minecraft:rabbit":1,"minecraft:spider":8,"minecraft:hoglin":1,"minecraft:sheep":7,"minecraft:skeleton":24,"minecraft:pillager":2,"minecraft:zombie":27,"minecraft:bee":1,"minecraft:wither_skeleton":3,"minecraft:piglin_brute":5,"minecraft:cow":2},"minecraft:dropped":{"minecraft:enchanted_book":3,"minecraft:iron_nugget":3,"minecraft:glass_bottle":8,"minecraft:soul_lantern":1,"minecraft:rotten_flesh":24,"universal_graves:grave_compass":6,"minecraft:villager_spawn_egg":1,"minecraft:leather":7,"minecraft:damaged_anvil":1,"minecraft:leather_chestplate":1,"minecraft:stick":1,"minecraft:cobweb":3,"minecraft:rabbit_hide":1,"minecraft:shield":1,"minecraft:leather_boots":2,"minecraft:leather_leggings":2,"minecraft:iron_bars":2,"minecraft:wooden_sword":1,"minecraft:pink_petals":12,"minecraft:bone":2},"minecraft:killed_by":{"minecraft:piglin":1,"minecraft:wither_skeleton":2,"minecraft:skeleton":1,"minecraft:zombie":7,"minecraft:iron_golem":1},"minecraft:used":{"minecraft:netherite_sword":82,"minecraft:damaged_anvil":1,"minecraft:stone_sword":84,"minecraft:lodestone":2,"minecraft:flint_and_steel":45,"minecraft:shield":100,"minecraft:iron_sword":193,"minecraft:sugar_cane":2,"minecraft:anvil":4,"minecraft:tnt":40,"minecraft:obsidian":14,"minecraft:redstone_torch":1,"minecraft:oak_log":17,"minecraft:ender_eye":1,"minecraft:glass":11,"minecraft:apple":1,"minecraft:villager_spawn_egg":1,"minecraft:lantern":1,"minecraft:brown_wool":1,"minecraft:grass_block":21,"minecraft:bread":15,"minecraft:iron_pickaxe":65,"minecraft:lectern":8,"minecraft:stone_bricks":2,"minecraft:golden_sword":2,"minecraft:enchanted_book":8,"minecraft:wooden_sword":39,"minecraft:potion":8,"minecraft:cobblestone":158,"minecraft:bow":43,"minecraft:glass_pane":20,"minecraft:cooked_beef":4,"minecraft:compass":2,"minecraft:enchanted_golden_apple":11,"minecraft:splash_potion":1,"minecraft:birch_stairs":2},"minecraft:broken":{"minecraft:golden_sword":1,"minecraft:golden_boots":1},"minecraft:mined":{"minecraft:glass_pane":1,"minecraft:mossy_cobblestone":1,"minecraft:clay":1,"minecraft:granite":7,"minecraft:short_grass":109,"minecraft:grass_block":2,"minecraft:decorated_pot":11,"minecraft:copper_ore":2,"minecraft:tall_grass":27,"minecraft:sugar_cane":20,"minecraft:spawner":7,"minecraft:pink_petals":1,"minecraft:fire":8,"minecraft:wheat":54,"minecraft:andesite":2,"minecraft:iron_bars":6,"minecraft:dripstone_block":3,"minecraft:smooth_quartz":1,"minecraft:gravel":1,"minecraft:dirt":1,"minecraft:cobweb":1,"minecraft:stone":25,"minecraft:cracked_stone_bricks":2,"minecraft:mossy_stone_bricks":2,"minecraft:stone_bricks":4},"minecraft:crafted":{"minecraft:air":0,"minecraft:slime_ball":5}},"DataVersion":3953}