{"stats":{"minecraft:dropped":{"minecraft:torch":3},"minecraft:killed_by":{"minecraft:husk":2,"minecraft:skeleton":3,"minecraft:stray":1,"minecraft:creeper":1,"minecraft:spider":1,"minecraft:zombie":2,"minecraft:pillager":2,"minecraft:iron_golem":1},"minecraft:killed":{"minecraft:pig":3,"minecraft:skeleton":2,"minecraft:pillager":7,"minecraft:zombie":4,"minecraft:chicken":2,"minecraft:stray":1,"minecraft:cow":3},"minecraft:used":{"minecraft:netherite_sword":38,"minecraft:stone_sword":77,"minecraft:flint_and_steel":50,"minecraft:glass_bottle":1,"minecraft:decorated_pot":3,"minecraft:iron_chestplate":2,"minecraft:golden_apple":1,"minecraft:anvil":1,"minecraft:tnt":5,"minecraft:carrot":1,"minecraft:white_bed":2,"minecraft:obsidian":36,"minecraft:apple":1,"minecraft:melon_slice":3,"minecraft:bread":4,"minecraft:iron_helmet":1,"minecraft:cobblestone":1,"minecraft:potion":1,"minecraft:potato":1},"minecraft:custom":{"minecraft:interact_with_furnace":1,"minecraft:mob_kills":25,"minecraft:interact_with_anvil":1,"minecraft:open_barrel":28,"minecraft:bell_ring":1,"minecraft:leave_game":3,"minecraft:time_since_death":13034,"minecraft:sleep_in_bed":2,"minecraft:climb_one_cm":2087,"minecraft:time_since_rest":12875,"minecraft:sprint_one_cm":309937,"minecraft:walk_one_cm":90580,"minecraft:damage_taken":4156,"minecraft:damage_absorbed":40,"minecraft:drop":3,"minecraft:damage_dealt":4613,"minecraft:swim_one_cm":18530,"minecraft:talked_to_villager":2,"minecraft:fly_one_cm":4096307,"minecraft:open_chest":80,"minecraft:crouch_one_cm":6056,"minecraft:play_time":210668,"minecraft:deaths":14,"minecraft:sneak_time":8639,"minecraft:walk_under_water_one_cm":57140,"minecraft:jump":1399,"minecraft:interact_with_brewingstand":1,"minecraft:walk_on_water_one_cm":10779,"minecraft:total_world_time":210668,"minecraft:fall_one_cm":42769,"minecraft:horse_one_cm":761},"minecraft:mined":{"minecraft:jungle_leaves":4,"minecraft:short_grass":59,"minecraft:poppy":1,"minecraft:melon":1,"minecraft:decorated_pot":12,"minecraft:dead_bush":2,"minecraft:tall_grass":2,"minecraft:wall_torch":1,"minecraft:seagrass":1,"minecraft:tall_seagrass":2,"minecraft:fern":2},"minecraft:picked_up":{"minecraft:wheat":3,"minecraft:feather":3,"minecraft:ominous_bottle":1,"minecraft:chicken":2,"minecraft:leather":2,"minecraft:potato":1,"minecraft:potion":2,"minecraft:white_banner":1,"minecraft:bone":5,"minecraft:apple":1,"minecraft:wheat_seeds":6,"minecraft:gold_nugget":11,"minecraft:iron_ingot":1,"minecraft:beef":6,"minecraft:poppy":1,"minecraft:melon_slice":5,"minecraft:egg":2,"minecraft:torch":4,"minecraft:porkchop":5,"minecraft:sand":45,"minecraft:arrow":7,"minecraft:rotten_flesh":4,"minecraft:decorated_pot":12,"minecraft:emerald":4,"minecraft:gold_ingot":1,"minecraft:bread":1,"minecraft:cobblestone":15}},"DataVersion":3953}