{"stats":{"minecraft:custom":{"minecraft:time_since_rest":1768,"minecraft:open_chest":10,"minecraft:crouch_one_cm":787,"minecraft:sprint_one_cm":32854,"minecraft:play_time":17054,"minecraft:deaths":1,"minecraft:damage_taken":248,"minecraft:walk_one_cm":14549,"minecraft:sneak_time":789,"minecraft:walk_under_water_one_cm":781,"minecraft:jump":257,"minecraft:damage_dealt":181,"minecraft:leave_game":1,"minecraft:walk_on_water_one_cm":39,"minecraft:time_since_death":1728,"minecraft:climb_one_cm":16,"minecraft:total_world_time":17054,"minecraft:fall_one_cm":3971,"minecraft:fly_one_cm":223166},"minecraft:picked_up":{"minecraft:decorated_pot":1,"minecraft:gold_nugget":11},"minecraft:killed_by":{"minecraft:creeper":1},"minecraft:used":{"minecraft:flint_and_steel":49,"minecraft:obsidian":36},"minecraft:mined":{"minecraft:decorated_pot":1,"minecraft:dead_bush":1}},"DataVersion":3953}