{"stats":{"minecraft:crafted":{"minecraft:map":4,"minecraft:air":0},"minecraft:dropped":{"minecraft:ominous_bottle":1,"minecraft:torch":3},"minecraft:killed_by":{"minecraft:husk":2,"minecraft:skeleton":3,"minecraft:stray":1,"minecraft:creeper":1,"minecraft:spider":1,"minecraft:zombie":2,"minecraft:pillager":2,"minecraft:iron_golem":1},"minecraft:killed":{"minecraft:pig":3,"minecraft:skeleton":2,"minecraft:pillager":7,"minecraft:zombie":6,"minecraft:chicken":2,"minecraft:stray":1,"minecraft:cow":3},"minecraft:used":{"minecraft:trident":28,"minecraft:netherite_sword":38,"minecraft:stone_sword":131,"minecraft:flint_and_steel":50,"minecraft:glass_bottle":1,"minecraft:redstone":3,"minecraft:decorated_pot":3,"minecraft:iron_chestplate":2,"minecraft:golden_apple":1,"minecraft:anvil":1,"minecraft:tnt":5,"minecraft:carrot":1,"minecraft:white_bed":2,"minecraft:lightning_rod":10,"minecraft:obsidian":36,"minecraft:redstone_torch":6,"minecraft:sticky_piston":1,"minecraft:lever":2,"minecraft:piston":6,"minecraft:apple":1,"minecraft:grass_block":2,"minecraft:melon_slice":3,"minecraft:bread":4,"minecraft:iron_helmet":1,"minecraft:repeater":1,"minecraft:cobblestone":10,"minecraft:potion":1,"minecraft:porkchop":2,"minecraft:potato":1},"minecraft:custom":{"minecraft:interact_with_furnace":2,"minecraft:mob_kills":27,"minecraft:interact_with_anvil":1,"minecraft:traded_with_villager":4,"minecraft:open_barrel":28,"minecraft:bell_ring":1,"minecraft:leave_game":4,"minecraft:time_since_death":9926,"minecraft:sleep_in_bed":4,"minecraft:climb_one_cm":2087,"minecraft:time_since_rest":8481,"minecraft:sprint_one_cm":367909,"minecraft:walk_one_cm":121505,"minecraft:damage_taken":4435,"minecraft:damage_absorbed":40,"minecraft:drop":4,"minecraft:damage_dealt":4764,"minecraft:swim_one_cm":18530,"minecraft:talked_to_villager":7,"minecraft:fly_one_cm":4587336,"minecraft:open_chest":89,"minecraft:crouch_one_cm":9632,"minecraft:play_time":239748,"minecraft:deaths":15,"minecraft:sneak_time":10008,"minecraft:walk_under_water_one_cm":57854,"minecraft:jump":1740,"minecraft:interact_with_brewingstand":2,"minecraft:walk_on_water_one_cm":11548,"minecraft:total_world_time":239748,"minecraft:fall_one_cm":51812,"minecraft:horse_one_cm":761},"minecraft:mined":{"minecraft:jungle_leaves":4,"minecraft:short_grass":101,"minecraft:poppy":1,"minecraft:melon":1,"minecraft:decorated_pot":20,"minecraft:dead_bush":2,"minecraft:tall_grass":2,"minecraft:wall_torch":1,"minecraft:seagrass":1,"minecraft:tall_seagrass":2,"minecraft:fern":2},"minecraft:picked_up":{"minecraft:wheat":3,"minecraft:feather":3,"minecraft:ominous_bottle":2,"minecraft:chicken":2,"minecraft:leather":2,"minecraft:potato":3,"minecraft:potion":5,"minecraft:brick":28,"minecraft:white_banner":1,"minecraft:bone":5,"minecraft:apple":4,"minecraft:wheat_seeds":10,"minecraft:gold_nugget":11,"minecraft:iron_ingot":1,"minecraft:beef":6,"minecraft:poppy":1,"minecraft:melon_slice":5,"minecraft:egg":2,"minecraft:torch":4,"minecraft:porkchop":5,"minecraft:sand":45,"minecraft:carrot":3,"minecraft:stone_sword":1,"minecraft:arrow":9,"minecraft:rotten_flesh":6,"minecraft:decorated_pot":13,"minecraft:emerald":5,"minecraft:gold_ingot":1,"minecraft:bread":1,"minecraft:cobblestone":15}},"DataVersion":3953}