{"stats":{"minecraft:custom":{"minecraft:interact_with_furnace":4,"minecraft:mob_kills":47,"minecraft:interact_with_anvil":12,"minecraft:play_record":1,"minecraft:open_barrel":33,"minecraft:bell_ring":9,"minecraft:interact_with_grindstone":1,"minecraft:interact_with_stonecutter":1,"minecraft:leave_game":2,"minecraft:time_since_death":2393,"minecraft:climb_one_cm":13156,"minecraft:damage_resisted":571,"minecraft:time_since_rest":2451,"minecraft:walk_one_cm":125094,"minecraft:sprint_one_cm":317510,"minecraft:open_enderchest":1,"minecraft:damage_taken":6575,"minecraft:damage_absorbed":1233,"minecraft:damage_blocked_by_shield":1560,"minecraft:drop":20,"minecraft:damage_dealt":9769,"minecraft:swim_one_cm":4701,"minecraft:talked_to_villager":5,"minecraft:fly_one_cm":2745946,"minecraft:open_chest":70,"minecraft:crouch_one_cm":16068,"minecraft:play_time":332905,"minecraft:deaths":16,"minecraft:sneak_time":14169,"minecraft:walk_under_water_one_cm":18999,"minecraft:jump":1592,"minecraft:interact_with_brewingstand":4,"minecraft:walk_on_water_one_cm":6737,"minecraft:interact_with_smoker":1,"minecraft:total_world_time":332905,"minecraft:fall_one_cm":70983,"minecraft:inspect_dispenser":3},"minecraft:picked_up":{"minecraft:pink_petals":16,"minecraft:leather_chestplate":1,"minecraft:wheat":13,"minecraft:feather":3,"minecraft:leather_leggings":1,"minecraft:clay_ball":4,"minecraft:brown_wool":1,"minecraft:brown_mushroom":1,"minecraft:red_mushroom":1,"minecraft:potato":5,"minecraft:enchanted_book":3,"minecraft:oak_log":4,"minecraft:brick":20,"minecraft:golden_sword":1,"minecraft:dirt":60,"minecraft:name_tag":1,"minecraft:leather_boots":3,"universal_graves:grave_compass":1,"minecraft:bone":11,"minecraft:apple":4,"minecraft:beetroot":5,"minecraft:bow":4,"minecraft:wheat_seeds":54,"minecraft:rabbit_hide":1,"minecraft:beef":4,"minecraft:iron_ingot":4,"minecraft:cobweb":3,"minecraft:poppy":2,"minecraft:gravel":1,"minecraft:rotten_flesh":32,"minecraft:stone_sword":1,"minecraft:arrow":27,"minecraft:decorated_pot":6,"minecraft:soul_lantern":1,"minecraft:emerald":7,"minecraft:bread":1,"minecraft:iron_bars":3,"minecraft:mutton":11,"minecraft:white_wool":5,"minecraft:cobblestone":44},"minecraft:killed":{"minecraft:piglin":7,"minecraft:zombie_villager":1,"minecraft:hoglin":1,"minecraft:sheep":6,"minecraft:skeleton":11,"minecraft:pillager":2,"minecraft:zombie":10,"minecraft:bee":1,"minecraft:piglin_brute":5,"minecraft:cow":2},"minecraft:dropped":{"minecraft:enchanted_book":3,"minecraft:soul_lantern":1,"minecraft:rotten_flesh":24,"universal_graves:grave_compass":1,"minecraft:damaged_anvil":1,"minecraft:cobweb":3,"minecraft:rabbit_hide":1,"minecraft:shield":1,"minecraft:leather_boots":2,"minecraft:iron_bars":2,"minecraft:wooden_sword":1,"minecraft:pink_petals":12},"minecraft:killed_by":{"minecraft:piglin":1,"minecraft:zombie":5,"minecraft:iron_golem":1},"minecraft:used":{"minecraft:netherite_sword":82,"minecraft:damaged_anvil":1,"minecraft:stone_sword":84,"minecraft:lodestone":2,"minecraft:flint_and_steel":45,"minecraft:shield":26,"minecraft:iron_sword":14,"minecraft:anvil":3,"minecraft:tnt":40,"minecraft:obsidian":14,"minecraft:redstone_torch":1,"minecraft:oak_log":17,"minecraft:ender_eye":1,"minecraft:glass":11,"minecraft:apple":1,"minecraft:villager_spawn_egg":1,"minecraft:lantern":1,"minecraft:brown_wool":1,"minecraft:grass_block":21,"minecraft:bread":4,"minecraft:iron_pickaxe":2,"minecraft:lectern":8,"minecraft:stone_bricks":1,"minecraft:golden_sword":2,"minecraft:enchanted_book":8,"minecraft:wooden_sword":39,"minecraft:potion":4,"minecraft:cobblestone":67,"minecraft:bow":8,"minecraft:glass_pane":20,"minecraft:cooked_beef":4,"minecraft:compass":2,"minecraft:enchanted_golden_apple":11,"minecraft:splash_potion":1,"minecraft:birch_stairs":2},"minecraft:broken":{"minecraft:golden_sword":1,"minecraft:golden_boots":1},"minecraft:mined":{"minecraft:glass_pane":1,"minecraft:clay":1,"minecraft:short_grass":96,"minecraft:grass_block":2,"minecraft:decorated_pot":11,"minecraft:tall_grass":21,"minecraft:pink_petals":1,"minecraft:fire":8,"minecraft:wheat":32,"minecraft:iron_bars":2,"minecraft:gravel":1,"minecraft:dirt":1}},"DataVersion":3953}