{"stats":{"minecraft:killed_by":{"minecraft:husk":2,"minecraft:skeleton":3,"minecraft:stray":1,"minecraft:creeper":1,"minecraft:spider":1,"minecraft:zombie":1,"minecraft:pillager":2,"minecraft:iron_golem":1},"minecraft:killed":{"minecraft:pig":3,"minecraft:skeleton":1,"minecraft:pillager":7,"minecraft:zombie":1,"minecraft:chicken":2,"minecraft:stray":1,"minecraft:cow":1},"minecraft:used":{"minecraft:netherite_sword":38,"minecraft:stone_sword":29,"minecraft:flint_and_steel":50,"minecraft:glass_bottle":1,"minecraft:iron_chestplate":2,"minecraft:golden_apple":1,"minecraft:anvil":1,"minecraft:tnt":5,"minecraft:carrot":1,"minecraft:white_bed":2,"minecraft:obsidian":36,"minecraft:apple":1,"minecraft:melon_slice":3,"minecraft:bread":4,"minecraft:iron_helmet":1,"minecraft:cobblestone":1,"minecraft:potion":1,"minecraft:potato":1},"minecraft:custom":{"minecraft:interact_with_furnace":1,"minecraft:mob_kills":18,"minecraft:interact_with_anvil":1,"minecraft:open_barrel":28,"minecraft:bell_ring":1,"minecraft:leave_game":3,"minecraft:time_since_death":1732,"minecraft:sleep_in_bed":1,"minecraft:climb_one_cm":2087,"minecraft:time_since_rest":1764,"minecraft:sprint_one_cm":275434,"minecraft:walk_one_cm":84266,"minecraft:damage_taken":3914,"minecraft:damage_absorbed":40,"minecraft:damage_dealt":3655,"minecraft:swim_one_cm":18530,"minecraft:talked_to_villager":2,"minecraft:fly_one_cm":4003940,"minecraft:open_chest":80,"minecraft:crouch_one_cm":5494,"minecraft:play_time":186668,"minecraft:deaths":13,"minecraft:sneak_time":8190,"minecraft:walk_under_water_one_cm":54014,"minecraft:jump":1206,"minecraft:interact_with_brewingstand":1,"minecraft:walk_on_water_one_cm":9202,"minecraft:total_world_time":186668,"minecraft:fall_one_cm":38256,"minecraft:horse_one_cm":761},"minecraft:mined":{"minecraft:jungle_leaves":4,"minecraft:short_grass":27,"minecraft:melon":1,"minecraft:decorated_pot":12,"minecraft:dead_bush":2,"minecraft:tall_grass":2,"minecraft:wall_torch":1,"minecraft:seagrass":1,"minecraft:tall_seagrass":2,"minecraft:fern":2},"minecraft:picked_up":{"minecraft:wheat":3,"minecraft:feather":3,"minecraft:ominous_bottle":1,"minecraft:chicken":2,"minecraft:potato":1,"minecraft:potion":2,"minecraft:white_banner":1,"minecraft:bone":3,"minecraft:apple":1,"minecraft:wheat_seeds":2,"minecraft:gold_nugget":11,"minecraft:iron_ingot":1,"minecraft:beef":3,"minecraft:melon_slice":5,"minecraft:egg":2,"minecraft:torch":1,"minecraft:porkchop":5,"minecraft:sand":45,"minecraft:arrow":3,"minecraft:decorated_pot":12,"minecraft:emerald":4,"minecraft:gold_ingot":1,"minecraft:bread":1,"minecraft:cobblestone":15}},"DataVersion":3953}