{"stats":{"minecraft:custom":{"minecraft:open_barrel":10,"minecraft:time_since_rest":31513,"minecraft:open_chest":27,"minecraft:crouch_one_cm":2236,"minecraft:sprint_one_cm":68897,"minecraft:play_time":53054,"minecraft:deaths":3,"minecraft:damage_taken":846,"minecraft:walk_one_cm":25372,"minecraft:sneak_time":2762,"minecraft:mob_kills":5,"minecraft:walk_under_water_one_cm":6280,"minecraft:jump":489,"minecraft:damage_dealt":1178,"minecraft:leave_game":1,"minecraft:walk_on_water_one_cm":1305,"minecraft:time_since_death":31487,"minecraft:climb_one_cm":16,"minecraft:total_world_time":53054,"minecraft:swim_one_cm":9020,"minecraft:fall_one_cm":9326,"minecraft:fly_one_cm":928447},"minecraft:killed":{"minecraft:skeleton":1,"minecraft:pillager":3},"minecraft:picked_up":{"minecraft:bone":2,"minecraft:decorated_pot":4,"minecraft:gold_nugget":11,"minecraft:iron_ingot":1,"minecraft:sand":45,"minecraft:bread":1},"minecraft:killed_by":{"minecraft:husk":2,"minecraft:creeper":1},"minecraft:used":{"minecraft:netherite_sword":10,"minecraft:cobblestone":1,"minecraft:flint_and_steel":50,"minecraft:tnt":5,"minecraft:bread":1,"minecraft:obsidian":36},"minecraft:mined":{"minecraft:short_grass":1,"minecraft:decorated_pot":4,"minecraft:dead_bush":1}},"DataVersion":3953}