{"stats":{"minecraft:dropped":{"minecraft:ominous_bottle":1,"minecraft:torch":3},"minecraft:crafted":{"minecraft:oak_planks":4,"minecraft:map":4,"minecraft:air":0},"minecraft:killed_by":{"minecraft:husk":2,"minecraft:skeleton":3,"minecraft:stray":1,"minecraft:creeper":1,"minecraft:spider":1,"minecraft:zombie":3,"minecraft:pillager":2,"minecraft:iron_golem":1},"minecraft:killed":{"minecraft:pig":3,"minecraft:skeleton":2,"minecraft:pillager":7,"minecraft:zombie":7,"minecraft:chicken":2,"minecraft:stray":1,"minecraft:villager":3,"minecraft:cow":3},"minecraft:used":{"minecraft:netherite_sword":38,"minecraft:trident":28,"minecraft:stone_sword":158,"minecraft:flint_and_steel":50,"minecraft:glass_bottle":1,"minecraft:redstone":3,"minecraft:oak_planks":4,"minecraft:decorated_pot":3,"minecraft:chest":7,"minecraft:zombie_spawn_egg":2,"minecraft:iron_chestplate":2,"minecraft:torch":1,"minecraft:golden_apple":1,"minecraft:dirt":1,"minecraft:anvil":1,"minecraft:tnt":5,"minecraft:carrot":1,"minecraft:white_bed":5,"minecraft:obsidian":36,"minecraft:lightning_rod":10,"minecraft:oak_log":12,"minecraft:redstone_torch":6,"minecraft:sticky_piston":1,"minecraft:piston":7,"minecraft:lever":2,"minecraft:apple":1,"minecraft:villager_spawn_egg":3,"minecraft:bread":4,"minecraft:grass_block":2,"minecraft:melon_slice":3,"minecraft:iron_helmet":1,"minecraft:repeater":1,"minecraft:cobblestone":10,"minecraft:potion":1,"minecraft:porkchop":2,"minecraft:potato":1},"minecraft:custom":{"minecraft:interact_with_furnace":4,"minecraft:mob_kills":31,"minecraft:interact_with_anvil":1,"minecraft:traded_with_villager":4,"minecraft:open_barrel":28,"minecraft:bell_ring":1,"minecraft:leave_game":5,"minecraft:time_since_death":4184,"minecraft:sleep_in_bed":7,"minecraft:climb_one_cm":2087,"minecraft:time_since_rest":4213,"minecraft:sprint_one_cm":426354,"minecraft:walk_one_cm":141166,"minecraft:damage_taken":5390,"minecraft:damage_absorbed":40,"minecraft:drop":4,"minecraft:damage_dealt":5679,"minecraft:swim_one_cm":18530,"minecraft:talked_to_villager":9,"minecraft:fly_one_cm":4739004,"minecraft:open_chest":95,"minecraft:crouch_one_cm":12952,"minecraft:play_time":268579,"minecraft:deaths":18,"minecraft:sneak_time":11674,"minecraft:walk_under_water_one_cm":57854,"minecraft:jump":2176,"minecraft:interact_with_brewingstand":6,"minecraft:interact_with_blast_furnace":1,"minecraft:walk_on_water_one_cm":11610,"minecraft:total_world_time":268579,"minecraft:fall_one_cm":66981,"minecraft:horse_one_cm":761},"minecraft:mined":{"minecraft:white_bed":2,"minecraft:jungle_leaves":4,"minecraft:torch":1,"minecraft:short_grass":112,"minecraft:grass_block":2,"minecraft:poppy":1,"minecraft:decorated_pot":22,"minecraft:melon":1,"minecraft:dead_bush":2,"minecraft:tall_grass":2,"minecraft:oak_planks":1,"minecraft:wall_torch":1,"minecraft:seagrass":1,"minecraft:tall_seagrass":2,"minecraft:oak_log":1,"minecraft:piston":1,"minecraft:fern":3},"minecraft:picked_up":{"minecraft:wheat":3,"minecraft:feather":3,"minecraft:ominous_bottle":2,"minecraft:chicken":2,"minecraft:leather":2,"minecraft:potato":3,"minecraft:potion":5,"minecraft:oak_log":1,"minecraft:gunpowder":3,"minecraft:brick":28,"minecraft:dirt":1,"minecraft:white_banner":1,"minecraft:stone_bricks":4,"minecraft:bone":5,"minecraft:apple":4,"minecraft:wheat_seeds":10,"minecraft:gold_nugget":11,"minecraft:beef":6,"minecraft:iron_ingot":1,"minecraft:poppy":1,"minecraft:melon_slice":5,"minecraft:oak_planks":1,"minecraft:piston":1,"minecraft:egg":2,"minecraft:torch":5,"minecraft:porkchop":5,"minecraft:sand":45,"minecraft:white_bed":2,"minecraft:carrot":3,"minecraft:stone_sword":1,"minecraft:arrow":9,"minecraft:rotten_flesh":7,"minecraft:decorated_pot":15,"minecraft:emerald":5,"minecraft:gold_ingot":1,"minecraft:bread":1,"minecraft:cobblestone":15}},"DataVersion":3953}