{"stats":{"minecraft:mined":{"minecraft:wheat":1,"minecraft:clay":1,"minecraft:short_grass":73,"minecraft:grass_block":1,"minecraft:decorated_pot":11,"minecraft:gravel":1,"minecraft:tall_grass":17},"minecraft:broken":{"minecraft:golden_sword":1,"minecraft:golden_boots":1},"minecraft:used":{"minecraft:oak_log":17,"minecraft:netherite_sword":82,"minecraft:damaged_anvil":1,"minecraft:apple":1,"minecraft:lodestone":2,"minecraft:flint_and_steel":40,"minecraft:grass_block":20,"minecraft:bread":1,"minecraft:stone_bricks":1,"minecraft:golden_sword":2,"minecraft:enchanted_book":8,"minecraft:cobblestone":21,"minecraft:bow":4,"minecraft:tnt":40,"minecraft:cooked_beef":3,"minecraft:compass":2,"minecraft:enchanted_golden_apple":11,"minecraft:obsidian":14,"minecraft:birch_stairs":2},"minecraft:picked_up":{"minecraft:wheat":1,"minecraft:feather":3,"minecraft:clay_ball":4,"minecraft:brown_mushroom":1,"minecraft:red_mushroom":1,"minecraft:potato":2,"minecraft:gravel":1,"minecraft:enchanted_book":1,"minecraft:oak_log":4,"minecraft:golden_sword":1,"minecraft:brick":20,"minecraft:dirt":58,"minecraft:name_tag":1,"minecraft:bone":2,"minecraft:arrow":11,"minecraft:apple":4,"minecraft:beetroot":5,"minecraft:decorated_pot":6,"minecraft:bow":1,"minecraft:wheat_seeds":4,"minecraft:bread":1,"minecraft:emerald":7,"minecraft:cobblestone":44},"minecraft:killed_by":{"minecraft:piglin":1,"minecraft:zombie":2},"minecraft:custom":{"minecraft:time_since_rest":113181,"minecraft:damage_absorbed":1233,"minecraft:interact_with_furnace":3,"minecraft:open_enderchest":1,"minecraft:sprint_one_cm":193298,"minecraft:damage_taken":2397,"minecraft:walk_one_cm":72132,"minecraft:interact_with_anvil":7,"minecraft:mob_kills":19,"minecraft:drop":2,"minecraft:damage_dealt":5237,"minecraft:swim_one_cm":4307,"minecraft:talked_to_villager":3,"minecraft:fly_one_cm":2199630,"minecraft:open_barrel":18,"minecraft:open_chest":47,"minecraft:crouch_one_cm":7845,"minecraft:play_time":194147,"minecraft:deaths":4,"minecraft:bell_ring":9,"minecraft:sneak_time":8199,"minecraft:walk_under_water_one_cm":16994,"minecraft:jump":866,"minecraft:interact_with_brewingstand":3,"minecraft:interact_with_grindstone":1,"minecraft:interact_with_stonecutter":1,"minecraft:time_since_death":113129,"minecraft:walk_on_water_one_cm":4962,"minecraft:climb_one_cm":8512,"minecraft:interact_with_smoker":1,"minecraft:total_world_time":194147,"minecraft:damage_resisted":571,"minecraft:fall_one_cm":27464,"minecraft:inspect_dispenser":3},"minecraft:dropped":{"minecraft:enchanted_book":1,"minecraft:damaged_anvil":1},"minecraft:killed":{"minecraft:skeleton":2,"minecraft:pillager":2,"minecraft:piglin":7,"minecraft:bee":1,"minecraft:piglin_brute":5,"minecraft:hoglin":1}},"DataVersion":3953}