{"stats":{"minecraft:custom":{"minecraft:time_since_rest":4169,"minecraft:interact_with_furnace":1,"minecraft:walk_one_cm":62672,"minecraft:sprint_one_cm":211320,"minecraft:damage_taken":2794,"minecraft:mob_kills":9,"minecraft:damage_dealt":2182,"minecraft:swim_one_cm":18530,"minecraft:talked_to_villager":2,"minecraft:fly_one_cm":2462690,"minecraft:open_barrel":25,"minecraft:open_chest":59,"minecraft:crouch_one_cm":4158,"minecraft:bell_ring":1,"minecraft:play_time":113054,"minecraft:deaths":9,"minecraft:sneak_time":5890,"minecraft:walk_under_water_one_cm":32729,"minecraft:jump":913,"minecraft:interact_with_brewingstand":1,"minecraft:leave_game":1,"minecraft:time_since_death":4142,"minecraft:walk_on_water_one_cm":7961,"minecraft:total_world_time":113054,"minecraft:climb_one_cm":1465,"minecraft:fall_one_cm":25478,"minecraft:horse_one_cm":761},"minecraft:killed":{"minecraft:skeleton":1,"minecraft:pillager":5,"minecraft:zombie":1},"minecraft:picked_up":{"minecraft:wheat":3,"minecraft:torch":1,"minecraft:potion":2,"minecraft:sand":45,"minecraft:arrow":1,"minecraft:bone":2,"minecraft:apple":1,"minecraft:decorated_pot":9,"minecraft:gold_nugget":11,"minecraft:iron_ingot":1,"minecraft:emerald":4,"minecraft:bread":1,"minecraft:melon_slice":5},"minecraft:killed_by":{"minecraft:iron_golem":1,"minecraft:husk":2,"minecraft:skeleton":2,"minecraft:creeper":1,"minecraft:spider":1,"minecraft:zombie":1,"minecraft:pillager":1},"minecraft:used":{"minecraft:netherite_sword":22,"minecraft:apple":1,"minecraft:flint_and_steel":50,"minecraft:glass_bottle":1,"minecraft:melon_slice":3,"minecraft:bread":2,"minecraft:iron_helmet":1,"minecraft:potion":1,"minecraft:cobblestone":1,"minecraft:tnt":5,"minecraft:obsidian":36},"minecraft:mined":{"minecraft:seagrass":1,"minecraft:tall_seagrass":2,"minecraft:jungle_leaves":4,"minecraft:short_grass":6,"minecraft:melon":1,"minecraft:decorated_pot":9,"minecraft:dead_bush":2,"minecraft:wall_torch":1,"minecraft:fern":1}},"DataVersion":3953}