{"stats":{"minecraft:custom":{"minecraft:time_since_rest":19513,"minecraft:open_chest":19,"minecraft:crouch_one_cm":1633,"minecraft:sprint_one_cm":53989,"minecraft:play_time":41054,"minecraft:deaths":3,"minecraft:damage_taken":846,"minecraft:walk_one_cm":21073,"minecraft:sneak_time":1770,"minecraft:mob_kills":5,"minecraft:walk_under_water_one_cm":5612,"minecraft:jump":445,"minecraft:damage_dealt":1178,"minecraft:leave_game":1,"minecraft:walk_on_water_one_cm":513,"minecraft:time_since_death":19487,"minecraft:climb_one_cm":16,"minecraft:total_world_time":41054,"minecraft:swim_one_cm":9020,"minecraft:fall_one_cm":9326,"minecraft:fly_one_cm":667399},"minecraft:killed":{"minecraft:skeleton":1,"minecraft:pillager":3},"minecraft:picked_up":{"minecraft:bone":2,"minecraft:decorated_pot":4,"minecraft:gold_nugget":11,"minecraft:iron_ingot":1,"minecraft:sand":29,"minecraft:bread":1},"minecraft:killed_by":{"minecraft:husk":2,"minecraft:creeper":1},"minecraft:used":{"minecraft:netherite_sword":10,"minecraft:cobblestone":1,"minecraft:flint_and_steel":50,"minecraft:tnt":2,"minecraft:bread":1,"minecraft:obsidian":36},"minecraft:mined":{"minecraft:short_grass":1,"minecraft:decorated_pot":4,"minecraft:dead_bush":1}},"DataVersion":3953}