{"stats":{"minecraft:used":{"minecraft:torch":5,"minecraft:cobblestone":11,"minecraft:flint_and_steel":2,"minecraft:tnt":2},"minecraft:custom":{"minecraft:jump":54,"minecraft:open_chest":2,"minecraft:time_since_rest":20573,"minecraft:crouch_one_cm":708,"minecraft:leave_game":2,"minecraft:play_time":20573,"minecraft:sprint_one_cm":4380,"minecraft:time_since_death":20573,"minecraft:walk_one_cm":3803,"minecraft:sneak_time":485,"minecraft:total_world_time":20573,"minecraft:talked_to_villager":2,"minecraft:fall_one_cm":627,"minecraft:fly_one_cm":104826}},"DataVersion":3953}