{"stats":{"minecraft:used":{"minecraft:torch":5,"minecraft:cobblestone":11,"minecraft:flint_and_steel":2,"minecraft:tnt":2},"minecraft:custom":{"minecraft:jump":54,"minecraft:open_chest":2,"minecraft:time_since_rest":12158,"minecraft:crouch_one_cm":507,"minecraft:leave_game":1,"minecraft:sprint_one_cm":4380,"minecraft:play_time":12158,"minecraft:time_since_death":12158,"minecraft:walk_one_cm":3741,"minecraft:sneak_time":451,"minecraft:total_world_time":12158,"minecraft:fall_one_cm":627,"minecraft:fly_one_cm":103762}},"DataVersion":3953}