{
  "minecraft:recipes/decorations/crafting_table": {
    "criteria": {
      "unlock_right_away": "2024-08-15 03:33:12 +0000"
    },
    "done": true
  },
  "minecraft:adventure/distant_lands": {
    "criteria": {
      "minecraft:beach": "2024-08-15 03:33:40 +0000",
      "minecraft:desert": "2024-08-15 03:33:29 +0000",
      "clifftree:sparse_forest": "2024-08-15 03:34:28 +0000",
      "minecraft:forest": "2024-08-15 03:33:23 +0000",
      "clifftree:tropical_river": "2024-08-15 03:34:30 +0000",
      "minecraft:sparse_jungle": "2024-08-15 03:34:31 +0000",
      "minecraft:jungle": "2024-08-15 03:34:17 +0000",
      "minecraft:windswept_hills": "2024-08-15 23:40:23 +0000",
      "clifftree:caves": "2024-08-15 23:40:20 +0000",
      "minecraft:dripstone_caves": "2024-08-15 03:35:24 +0000",
      "minecraft:savanna": "2024-08-15 03:38:56 +0000",
      "minecraft:plains": "2024-08-15 03:38:32 +0000"
    },
    "done": false
  },
  "minecraft:adventure/adventuring_time": {
    "criteria": {
      "minecraft:beach": "2024-08-15 03:33:40 +0000",
      "minecraft:desert": "2024-08-15 03:33:29 +0000",
      "clifftree:sparse_forest": "2024-08-15 03:34:28 +0000",
      "minecraft:forest": "2024-08-15 03:33:23 +0000",
      "minecraft:windswept_forest": "2024-08-15 23:40:23 +0000",
      "minecraft:sparse_jungle": "2024-08-15 03:34:31 +0000",
      "minecraft:jungle": "2024-08-15 03:34:17 +0000",
      "minecraft:river": "2024-08-15 03:34:30 +0000",
      "clifftree:caves": "2024-08-15 23:40:20 +0000",
      "minecraft:dripstone_caves": "2024-08-15 03:35:24 +0000",
      "minecraft:savanna": "2024-08-15 03:38:56 +0000",
      "minecraft:plains": "2024-08-15 03:38:32 +0000"
    },
    "done": false
  },
  "minecraft:recipes/misc/gold_ingot_from_nuggets": {
    "criteria": {
      "has_gold_nugget": "2024-08-15 03:41:34 +0000"
    },
    "done": true
  },
  "minecraft:recipes/brewing/golden_carrot": {
    "criteria": {
      "has_gold_nugget": "2024-08-15 03:41:34 +0000"
    },
    "done": true
  },
  "minecraft:recipes/transportation/mangrove_boat": {
    "criteria": {
      "in_water": "2024-08-15 03:41:37 +0000"
    },
    "done": true
  },
  "minecraft:recipes/transportation/acacia_boat": {
    "criteria": {
      "in_water": "2024-08-15 03:41:37 +0000"
    },
    "done": true
  },
  "minecraft:recipes/transportation/cherry_boat": {
    "criteria": {
      "in_water": "2024-08-15 03:41:37 +0000"
    },
    "done": true
  },
  "minecraft:recipes/transportation/bamboo_raft": {
    "criteria": {
      "in_water": "2024-08-15 03:41:37 +0000"
    },
    "done": true
  },
  "minecraft:recipes/transportation/spruce_boat": {
    "criteria": {
      "in_water": "2024-08-15 03:41:37 +0000"
    },
    "done": true
  },
  "minecraft:recipes/transportation/birch_boat": {
    "criteria": {
      "in_water": "2024-08-15 03:41:37 +0000"
    },
    "done": true
  },
  "minecraft:recipes/transportation/oak_boat": {
    "criteria": {
      "in_water": "2024-08-15 03:41:37 +0000"
    },
    "done": true
  },
  "minecraft:recipes/transportation/jungle_boat": {
    "criteria": {
      "in_water": "2024-08-15 03:41:37 +0000"
    },
    "done": true
  },
  "minecraft:recipes/transportation/dark_oak_boat": {
    "criteria": {
      "in_water": "2024-08-15 03:41:37 +0000"
    },
    "done": true
  },
  "minecraft:recipes/tools/flint_and_steel": {
    "criteria": {
      "has_obsidian": "2024-08-15 03:41:52 +0000"
    },
    "done": true
  },
  "minecraft:story/form_obsidian": {
    "criteria": {
      "obsidian": "2024-08-15 03:41:52 +0000"
    },
    "done": true
  },
  "minecraft:recipes/decorations/enchanting_table": {
    "criteria": {
      "has_obsidian": "2024-08-15 03:41:52 +0000"
    },
    "done": true
  },
  "minecraft:nether/root": {
    "criteria": {
      "entered_nether": "2024-08-15 03:42:21 +0000"
    },
    "done": true
  },
  "minecraft:story/enter_the_nether": {
    "criteria": {
      "entered_nether": "2024-08-15 03:42:21 +0000"
    },
    "done": true
  },
  "minecraft:nether/explore_nether": {
    "criteria": {
      "minecraft:crimson_forest": "2024-08-15 03:42:22 +0000",
      "minecraft:soul_sand_valley": "2024-08-15 03:42:37 +0000",
      "minecraft:warped_forest": "2024-08-15 03:42:32 +0000"
    },
    "done": false
  },
  "nova_structures:nether/find_nether_skeleton": {
    "criteria": {
      "fortress": "2024-08-15 03:43:11 +0000"
    },
    "done": false
  },
  "minecraft:nether/find_fortress": {
    "criteria": {
      "fortress": "2024-08-15 03:43:11 +0000"
    },
    "done": true
  },
  "minecraft:adventure/root": {
    "criteria": {
      "killed_by_something": "2024-08-15 23:41:22 +0000"
    },
    "done": true
  },
  "DataVersion": 3953
}